iter	Logloss	Logloss	Logloss
0	0.5192626941	0.6657784601	0.5949145344
1	0.51726244	1.23240543	0.8409591349
