iter	Accuracy	Logloss
0	0.8	0.5223421454
100	1	0.002355097748
200	1	0.001680297782
300	1	0.001465728177
400	1	0.001333985401
500	1	0.001226375842
600	1	0.001126760151
700	1	0.001055840678
800	1	0.001022081332
900	1	0.0009726020611
999	1	0.0009044690184
