iter	Logloss
0	0.4113804406
100	0.001714921963
200	0.001521824291
300	0.001477011865
400	0.00147511838
499	0.001473278673
