iter	Accuracy	Logloss
0	1	0.680921831
100	1	0.2148952119
200	1	0.1013938079
300	1	0.0601802809
400	1	0.03949536632
500	1	0.02785482373
600	1	0.02021839481
700	1	0.01540488474
800	1	0.01271010125
900	1	0.01076771884
999	1	0.009356517406
