{"coef":{"x_mean":85.0449338451,"z_energy":47.3584685736,"xy_corr_pos1":23.7612320219,"z_iqr_pos1":14.7861979573,"x_energy_pos1":8.2629495645,"y_min_pos1":8.1299743245,"xz_corr_pos1":7.9718587902,"y_max_pos1":7.2073139061,"z_max_pos1":6.8114208837,"y_iqr_pos1":5.1635395193,"x_std":4.0585228334,"y_energy":3.8809977888,"z_mean_pos1":3.6822029913,"z_min_pos1":3.512330977,"z_iqr":1.9890081327,"sma_pos1":1.8506554574,"x_iqr":1.3410618753,"z_max":0.9901552077,"sex":0.7973015598,"x_iqr_pos1":0.5297539567,"mass":0.3816981016,"y_iqr":0.2148391261,"y_max":0.1835135543,"x_min":0.0218262832,"xz_corr":0.0027595122,"xy_corr":-0.0781382953,"y_min":-0.1358809481,"yz_corr":-0.2291030538,"z_min":-0.5064419499,"height":-0.7801139722,"y_std":-0.9165093735,"y_mean":-0.9395748658,"y_energy_pos1":-1.4322191007,"x_max":-1.4325826226,"y_std_pos1":-3.8964111291,"z_mean":-4.478130229,"x_min_pos1":-5.1821524116,"z_std":-5.8792959152,"z_std_pos1":-6.4575514371,"y_mean_pos1":-7.3684573326,"sma":-7.8041959146,"z_energy_pos1":-8.145355282,"x_max_pos1":-8.7484895245,"x_std_pos1":-14.4925104922,"x_mean_pos1":-19.4067074646,"yz_corr_pos1":-23.0277797183,"x_energy":-27.3595623296}}