{"time_predict": [2217917, 2168824, 2211795, 2016913, 1984813, 2236086, 2226508, 2262937, 2354002, 2083089, 7689563, 2513695, 2326079, 2298238, 2238888, 2244155, 2165515, 2091312, 2031100, 2372757, 2397157, 2304517, 2244282, 2124958, 8502794, 8008963, 2412161, 6162303, 2253344, 6856456, 2044931, 2118348, 2299343, 6258096, 2444526, 2132521, 2436498, 3319373, 2387749, 2454363, 5040532, 2601331], "accuracy": [1.0, 0.9976415094339622, 1.0, 1.0, 1.0, 1.0, 1.0, 1.0, 1.0, 1.0, 1.0, 0.9976415094339622, 1.0, 1.0, 1.0, 0.9976415094339622, 1.0, 1.0, 1.0, 1.0, 1.0, 1.0, 1.0, 1.0, 1.0, 1.0, 1.0, 1.0, 1.0, 1.0, 1.0, 1.0, 1.0, 1.0, 1.0, 0.9976415094339622, 0.9976415094339622, 1.0, 1.0, 1.0, 0.9976415094339622, 1.0]}