{"time_predict": [0.00027362701075617224, 0.00027688599948305637, 0.00028055500297341496, 0.0002873880002880469, 0.00028605600527953357, 0.0002905369910877198, 0.00029522800468839705, 0.00028299400582909584, 0.0002902650012401864, 0.0003053399996133521, 0.0007887230021879077, 0.0002885750000132248, 0.00029906599957030267, 0.0003037950082216412, 0.00029185699531808496, 0.0002974420058308169, 0.0002914039941970259, 0.00034277900704182684, 0.0002946339955087751, 0.0003068950027227402, 0.00029780900513287634, 0.0002992230001837015, 0.00029277899011503905, 0.000325561995850876, 0.0002993100060848519, 0.0005695489962818101, 0.00031225199927575886, 0.00030286000401247293, 0.00031254599161911756, 0.0003102390037383884, 0.00030674299341626465, 0.00030970100488048047, 0.000308770002448, 0.00031980899802874774, 0.00033767501008696854, 0.0003214839962311089, 0.00033495899697300047, 0.0003266339917900041, 0.00048752600559964776, 0.0004057369951624423, 0.00044633100333157927, 0.00039542600279673934], "accuracy": [0.9858849077090119, 0.992399565689468, 0.990228013029316, 0.99457111834962, 0.992399565689468, 0.996742671009772, 0.995656894679696, 0.99457111834962, 0.99457111834962, 0.99457111834962, 0.99457111834962, 0.997828447339848, 0.997828447339848, 0.995656894679696, 0.997828447339848, 0.997828447339848, 0.995656894679696, 0.998914223669924, 0.996742671009772, 0.997828447339848, 0.997828447339848, 0.996742671009772, 0.996742671009772, 0.998914223669924, 0.996742671009772, 0.99457111834962, 0.993485342019544, 0.995656894679696, 0.996742671009772, 0.996742671009772, 0.998914223669924, 0.997828447339848, 0.993485342019544, 0.996742671009772, 0.995656894679696, 0.998914223669924, 0.995656894679696, 0.997828447339848, 0.995656894679696, 0.996742671009772, 0.998914223669924, 0.995656894679696]}