{"time_predict": [0.0002700549957808107, 0.0002852990000974387, 0.0002791440056171268, 0.0002908320020651445, 0.0002791599981719628, 0.00028126400138717145, 0.0002862229885067791, 0.00028319099510554224, 0.0002910359908128157, 0.00029132599593140185, 0.0002849180018529296, 0.0002896140067605302, 0.0002875119971577078, 0.0002839840017259121, 0.0002893510099966079, 0.0002964750019600615, 0.00032069699955172837, 0.00029776500014122576, 0.00029865899705328047, 0.000305965993902646, 0.00030034199880901724, 0.0003280929959146306, 0.0002970589994220063, 0.0003001000004587695, 0.000319792001391761, 0.00031635499908588827, 0.0003394639934413135, 0.0003088020021095872, 0.00030902599974069744, 0.00032598500547464937, 0.0003437370032770559, 0.00031713800854049623, 0.00031832199601922184, 0.0003126420051557943, 0.00034737099485937506, 0.00031300999398808926, 0.00031688300077803433, 0.00031971000134944916, 0.0003522180049913004, 0.0003213620075257495, 0.0003169760020682588, 0.00034464300551917404], "accuracy": [0.9889447236180905, 0.9959798994974874, 0.9959798994974874, 0.9969849246231156, 0.9979899497487437, 1.0, 0.9979899497487437, 0.9969849246231156, 0.9959798994974874, 0.9989949748743718, 0.9979899497487437, 0.9979899497487437, 0.9959798994974874, 0.9969849246231156, 0.9969849246231156, 0.9949748743718593, 0.9979899497487437, 0.9949748743718593, 0.9979899497487437, 0.9949748743718593, 0.9969849246231156, 0.9919597989949749, 0.9969849246231156, 0.9949748743718593, 0.9979899497487437, 0.9969849246231156, 0.9959798994974874, 0.9959798994974874, 0.9949748743718593, 0.9939698492462311, 0.992964824120603, 0.9949748743718593, 0.9979899497487437, 0.9939698492462311, 0.9939698492462311, 0.9969849246231156, 0.9939698492462311, 0.9939698492462311, 0.9979899497487437, 0.9939698492462311, 0.9969849246231156, 0.9969849246231156]}