{"time_predict": [0.32916111301165074, 0.33973312098532915, 0.3511502949986607, 0.334007415920496, 0.33585833804681897, 0.3361502169864252, 0.34148340905085206, 0.3400847300654277, 0.3334837929578498, 0.3277465150458738, 0.337138548027724, 0.3364326269365847, 0.3401280689286068, 0.3286018930375576, 0.32487215497530997, 0.33807145000901073, 0.3360849639866501, 0.32337796106003225, 0.35029692901298404, 0.35006530408281833, 0.3518069009296596, 0.34571588202379644, 0.3915294030448422, 0.35434701503254473, 0.35846384591422975, 0.36167563195340335, 0.3485366889508441, 0.35925953299738467, 0.3807717039017007, 0.362264801049605, 0.404407650930807, 0.3806610330939293, 0.36391048796940595, 0.3634340539574623, 0.38166991900652647, 0.3719306020066142, 0.35575023805722594, 0.3638207329204306, 0.3852932049194351, 0.3738661709940061, 0.34696054097730666, 0.36258610896766186], "accuracy": [0.9658969804618117, 0.9634103019538188, 0.9868561278863233, 0.9875666074600356, 0.98898756660746, 0.9904085257548846, 0.9921847246891652, 0.9946714031971581, 0.9932504440497336, 0.9964476021314387, 0.9957371225577265, 0.9957371225577265, 0.9975133214920071, 0.9957371225577265, 0.9964476021314387, 0.9968028419182948, 0.9968028419182948, 0.9964476021314387, 0.9982238010657194, 0.9957371225577265, 0.9978685612788633, 0.9975133214920071, 0.997158081705151, 0.9978685612788633, 0.9978685612788633, 0.997158081705151, 0.9968028419182948, 0.9975133214920071, 0.9975133214920071, 0.9957371225577265, 0.9978685612788633, 0.9978685612788633, 0.9957371225577265, 0.9968028419182948, 0.9975133214920071, 0.997158081705151, 0.9968028419182948, 0.9960923623445825, 0.9975133214920071, 0.9964476021314387, 0.9964476021314387, 0.9975133214920071]}