{"time_predict": [0.0002815769985318184, 0.00028121599461883307, 0.00028721100534312427, 0.0002805900003295392, 0.0002807120035868138, 0.00027851000777445734, 0.0002801749942591414, 0.0003482309984974563, 0.00028863899933639914, 0.00030289700953289866, 0.0002855139900930226, 0.0002942440041806549, 0.0003545760118868202, 0.00039660300535615534, 0.0003136140003334731, 0.00038759900780860335, 0.0003993499994976446, 0.00034748599864542484, 0.0003003250021720305, 0.00038643600419163704, 0.0004366509965620935, 0.0004754799883812666, 0.0004930769937345758, 0.0004804070049431175, 0.00044378598977345973, 0.000369993009371683, 0.000340847996994853, 0.000363453000318259, 0.0005810449947603047, 0.000407840998377651, 0.0003218040073988959, 0.0004980829980922863, 0.0003127840027445927, 0.0003307110018795356, 0.00040322499989997596, 0.0003228130080970004, 0.00036952800292056054, 0.00035940999805461615, 0.000325561995850876, 0.0003459149884292856, 0.00032467200071550906, 0.00037557099130935967], "accuracy": [0.9955555555555555, 0.99, 0.9944444444444445, 0.9911111111111112, 0.9933333333333333, 0.9944444444444445, 0.9955555555555555, 0.9977777777777778, 0.9944444444444445, 0.9955555555555555, 0.9944444444444445, 0.9933333333333333, 0.9966666666666667, 0.9933333333333333, 0.9955555555555555, 0.9977777777777778, 0.9977777777777778, 0.9944444444444445, 0.9966666666666667, 0.9966666666666667, 0.9944444444444445, 0.9955555555555555, 0.9944444444444445, 0.9966666666666667, 0.9988888888888889, 0.9955555555555555, 0.9966666666666667, 0.9977777777777778, 0.9988888888888889, 0.9977777777777778, 1.0, 1.0, 1.0, 0.9988888888888889, 0.9988888888888889, 0.9977777777777778, 0.9966666666666667, 0.9977777777777778, 0.9988888888888889, 0.9977777777777778, 1.0, 0.9988888888888889]}