{"time_predict": [0.1838174059521407, 0.22585985402110964, 0.22998389101121575, 0.2261265020351857], "accuracy": [0.991313789359392, 0.991313789359392, 0.991313789359392, 0.991313789359392]}