{"time_predict": [0.15593963698484004, 0.1619595199590549, 0.16569626599084586, 0.16526806994806975, 0.16328951995819807, 0.16172155691310763, 0.16224373900331557, 0.20895666792057455, 0.19594732602126896, 0.1658477330347523, 0.15440715092699975, 0.16403235506732017, 0.21596617600880563, 0.1629717309260741, 0.15887838799972087, 0.1537445590365678, 0.22673464904073626, 0.16163815802428871, 0.15670834900811315, 0.16256867605261505, 0.22523056692443788, 0.21804807696025819, 0.15044362505432218, 0.23282730800565332, 0.2441687510581687, 0.15576105297077447, 0.1602468240307644, 0.23649499309249222, 0.1539760970044881, 0.16083815204910934, 0.15887743700295687, 0.20989431999623775, 0.15290641400497407, 0.15508951304946095, 0.15473831805866212, 0.15457486000377685, 0.22679024992976338, 0.19599857297725976, 0.15479371207766235, 0.1549974239896983, 0.15298393496777862, 0.22774878703057766], "accuracy": [0.9889447236180905, 0.9889447236180905, 0.9909547738693467, 0.9909547738693467, 0.9939698492462311, 0.992964824120603, 0.9949748743718593, 0.9949748743718593, 0.9949748743718593, 0.9949748743718593, 0.9949748743718593, 0.9939698492462311, 0.9949748743718593, 0.9959798994974874, 0.9939698492462311, 0.9959798994974874, 0.9899497487437185, 0.992964824120603, 0.9959798994974874, 0.9939698492462311, 0.9959798994974874, 0.9959798994974874, 0.9949748743718593, 0.9949748743718593, 0.9939698492462311, 0.9939698492462311, 0.9909547738693467, 0.9939698492462311, 0.992964824120603, 0.992964824120603, 0.992964824120603, 0.9949748743718593, 0.9889447236180905, 0.9919597989949749, 0.9909547738693467, 0.992964824120603, 0.9959798994974874, 0.9949748743718593, 0.9939698492462311, 0.9959798994974874, 0.9949748743718593, 0.992964824120603]}