{"time_predict": [0.15336388093419373, 0.1486015379196033, 0.14910844108089805, 0.1466955989599228, 0.1458699299255386, 0.1522931340150535, 0.1412433700170368, 0.14858207292854786, 0.14564224297646433, 0.15140119509305805, 0.15323791198898107, 0.13654256099835038, 0.1859647009987384, 0.1600558520294726, 0.15994734806008637, 0.16239080601371825, 0.15690976392943412, 0.14804123702924699, 0.14801971695851535, 0.1553129800595343, 0.16109873005189002, 0.15017352299764752, 0.15683434694074094, 0.1464438169496134, 0.1570972119225189, 0.14734897704329342, 0.15829851804301143, 0.15050243702717125, 0.14870396605692804, 0.2238751919940114, 0.14961810398381203, 0.1553026350447908, 0.15019159798976034, 0.150366424000822, 0.21852090791799128, 0.15180057694669813, 0.15189725998789072, 0.15067135205026716, 0.1480339840054512, 0.15210849000141025, 0.15344663499854505, 0.1554571440210566], "accuracy": [0.991313789359392, 0.992399565689468, 0.993485342019544, 0.992399565689468, 0.990228013029316, 0.993485342019544, 0.993485342019544, 0.990228013029316, 0.99457111834962, 0.996742671009772, 0.996742671009772, 0.99457111834962, 0.996742671009772, 0.997828447339848, 0.997828447339848, 0.997828447339848, 0.992399565689468, 0.995656894679696, 0.992399565689468, 0.998914223669924, 0.995656894679696, 0.992399565689468, 0.997828447339848, 0.997828447339848, 0.996742671009772, 0.996742671009772, 0.995656894679696, 0.995656894679696, 0.995656894679696, 0.995656894679696, 0.998914223669924, 0.996742671009772, 1.0, 0.997828447339848, 0.99457111834962, 0.993485342019544, 0.995656894679696, 0.995656894679696, 0.995656894679696, 0.995656894679696, 0.997828447339848, 0.99457111834962]}