{"time_predict": [0.14690310892183334, 0.1471938550239429, 0.2335333509836346, 0.21530978195369244, 0.14803534001111984, 0.22326217801310122, 0.1689421539194882, 0.204116098000668, 0.1454381359508261, 0.21967277803923935, 0.14920096506830305, 0.15741102502215654, 0.16207542002666742, 0.21340625605080277, 0.16381145198829472, 0.21037055598571897, 0.18764098407700658, 0.5078031279845163, 0.5279573559528217, 0.49153111095074564, 0.32095250103157014, 0.20745894394349307, 0.20813797903247178, 0.16031950595788658, 0.20749789208639413, 0.22449155698996037, 0.20795775298029184, 0.19117139396257699, 0.2042607159819454, 0.20664282201323658, 0.16666945605538785, 0.23707436001859605, 0.20357571193017066, 0.18057431606575847, 0.21904705790802836, 0.2383925630711019, 0.22073615295812488, 0.21879636798985302, 0.19436916895210743, 0.21297302097082138, 0.2100905339466408, 0.19407304504420608], "accuracy": [0.9933333333333333, 0.9944444444444445, 0.9955555555555555, 0.9944444444444445, 0.9944444444444445, 0.9977777777777778, 0.9988888888888889, 0.9966666666666667, 0.9966666666666667, 0.9944444444444445, 1.0, 0.9966666666666667, 0.9977777777777778, 0.9988888888888889, 0.9966666666666667, 0.9977777777777778, 0.9988888888888889, 0.9988888888888889, 0.9977777777777778, 0.9966666666666667, 0.9955555555555555, 0.9977777777777778, 1.0, 0.9977777777777778, 1.0, 1.0, 0.9955555555555555, 0.9977777777777778, 0.9966666666666667, 1.0, 1.0, 0.9988888888888889, 0.9988888888888889, 1.0, 0.9988888888888889, 0.9988888888888889, 0.9988888888888889, 0.9988888888888889, 1.0, 0.9977777777777778, 0.9977777777777778, 0.9977777777777778]}