{"time_predict": [0.0002680369943846017, 0.0003025109981535934, 0.00026440300280228257, 0.00027437700191512704, 0.00026994400104740635, 0.0003403470036573708, 0.000369755995052401, 0.0003556020019459538, 0.00042003999988082796, 0.0002719080002862029, 0.00027250299899606034, 0.00027343900001142174, 0.0002704700018512085, 0.00027883100119652227, 0.00027849400066770613, 0.00028499800100689754, 0.0002883609995478764, 0.000285442998574581, 0.000304501001664903, 0.00028417800058377907, 0.0002819779983838089, 0.0002828130018315278, 0.0002832199970725924, 0.0002913140051532537, 0.0002905430010287091, 0.0002963170045404695, 0.00029211999935796484, 0.00029758299933746457, 0.00029517599614337087, 0.0003040469964616932, 0.0002913729986175895, 0.0003025359983439557, 0.0002957380056614056, 0.00029918899963377044, 0.00029938400257378817, 0.000305957997625228, 0.0003009549982380122, 0.00030776399944443256, 0.0003029950021300465, 0.0003282979960204102, 0.0003045740013476461, 0.0003145079972455278], "accuracy": [0.98898756660746, 0.991829484902309, 0.9932504440497336, 0.9939609236234458, 0.9957371225577265, 0.9936056838365896, 0.9939609236234458, 0.9950266429840142, 0.9936056838365896, 0.9950266429840142, 0.9939609236234458, 0.9964476021314387, 0.9950266429840142, 0.9950266429840142, 0.9946714031971581, 0.997158081705151, 0.9960923623445825, 0.9960923623445825, 0.9957371225577265, 0.9964476021314387, 0.9953818827708704, 0.9964476021314387, 0.9943161634103019, 0.9964476021314387, 0.9946714031971581, 0.9989342806394316, 0.997158081705151, 0.9978685612788633, 0.9978685612788633, 0.9982238010657194, 0.9975133214920071, 0.997158081705151, 0.9964476021314387, 0.9957371225577265, 0.997158081705151, 0.9978685612788633, 0.9978685612788633, 0.9968028419182948, 0.9978685612788633, 0.9975133214920071, 0.9982238010657194, 0.9964476021314387]}