{"time_predict": [0.0003569069958757609, 0.00039795899647288024, 0.0002834780025295913, 0.00028696599474642426, 0.000294252997264266, 0.0003264019906055182, 0.0003025699988938868, 0.0003640990034909919, 0.00041251500078942627, 0.00042702000064309686, 0.0003795429947786033, 0.0004019870102638379, 0.000295520992949605, 0.0003109419922111556, 0.000300622996292077, 0.0003045070043299347, 0.00032511599420104176, 0.0003086929937126115, 0.00030688400147482753, 0.00030484799935948104, 0.00030583699117414653, 0.0003048189973924309, 0.00030470600177068263, 0.00031645999115426093, 0.0003240950027247891, 0.0003240670048398897, 0.00032061101228464395, 0.00032142399868462235, 0.000318915001116693, 0.00031361100263893604, 0.00035100099921692163, 0.0003213820018572733, 0.0003195489989593625, 0.000318503996822983, 0.00033440301194787025, 0.00032919200020842254, 0.0003218750061932951, 0.0003333670028951019, 0.0003291100001661107, 0.00033158900623675436, 0.00033584200718905777, 0.00033265700039919466], "accuracy": [0.9847246891651865, 0.9879218472468917, 0.9900532859680284, 0.991829484902309, 0.9921847246891652, 0.9921847246891652, 0.9939609236234458, 0.9946714031971581, 0.9925399644760213, 0.9928952042628775, 0.9936056838365896, 0.9939609236234458, 0.9960923623445825, 0.9943161634103019, 0.9928952042628775, 0.9957371225577265, 0.9936056838365896, 0.9946714031971581, 0.9943161634103019, 0.9964476021314387, 0.9946714031971581, 0.9953818827708704, 0.9960923623445825, 0.9939609236234458, 0.9975133214920071, 0.997158081705151, 0.9968028419182948, 0.9968028419182948, 0.9957371225577265, 0.9960923623445825, 0.9960923623445825, 0.997158081705151, 0.9964476021314387, 0.9978685612788633, 0.9978685612788633, 0.9982238010657194, 0.997158081705151, 0.9964476021314387, 0.9957371225577265, 0.997158081705151, 0.9957371225577265, 0.9968028419182948]}