{"time_predict": [0.0002042279957095161, 0.00020300400501582772, 0.00019397199503146112, 0.00018376800289843231, 0.00017745100194588304, 0.0001879619958344847, 0.0001754950062604621, 0.0001739089930197224, 0.0001859740004874766, 0.00018046199693344533, 0.00018055099644698203, 0.00018474399985279888, 0.0003259310033172369, 0.0001831279951147735, 0.0001834359864005819, 0.00018131599063053727, 0.00017898499208968133, 0.00016921298811212182, 0.00017245300114154816, 0.0001692100049695, 0.00016932099242694676, 0.00017203799507115036, 0.00017317399033345282, 0.0001814679999370128, 0.0001692220102995634, 0.00017826400289777666, 0.00017752200074028224, 0.0001728859933791682, 0.00017432999447919428, 0.00017706400831229985, 0.00017757000750862062, 0.0001850400003604591, 0.00018459900456946343, 0.00017759398906491697, 0.00017682500765658915, 0.00018625998927745968, 0.0001832730049500242, 0.00018476000695955008, 0.0001849330001277849, 0.00018247000116389245, 0.00018537200230639428], "accuracy": [0.9257548845470692, 0.9218472468916519, 0.9357015985790409, 0.9538188277087034, 0.9552397868561279, 0.955595026642984, 0.9595026642984015, 0.963765541740675, 0.9619893428063944, 0.9623445825932504, 0.9609236234458259, 0.9658969804618117, 0.9658969804618117, 0.9651865008880994, 0.9630550621669627, 0.9651865008880994, 0.9662522202486679, 0.9669626998223801, 0.9669626998223801, 0.9687388987566607, 0.9676731793960923, 0.9676731793960923, 0.9669626998223801, 0.966607460035524, 0.9683836589698046, 0.9680284191829485, 0.9687388987566607, 0.9687388987566607, 0.9683836589698046, 0.9687388987566607, 0.9687388987566607, 0.9683836589698046, 0.9673179396092363, 0.969449378330373, 0.969449378330373, 0.969449378330373, 0.9690941385435169, 0.9687388987566607, 0.9683836589698046, 0.9690941385435169, 0.9705150976909414]}