iter	Logloss
0	0.297992121111	0.03816557939
