iter	MultiClass
0	0.4781842031
100	0.003755395442
200	0.00150690162
300	0.0008854227468
400	0.0006007795975
499	0.0004766297071
