iter	Logloss
0	0.5796885059
99	0.03311214027
