iter	Logloss
0	0.463682646
100	0.01037279948
199	0.005241063318
